<?xml version="1.0" encoding="UTF-8"?>
<project-private xmlns="http://www.netbeans.org/ns/project-private/1">
    <editor-bookmarks xmlns="http://www.netbeans.org/ns/editor-bookmarks/2" lastBookmarkId="0"/>
    <open-files xmlns="http://www.netbeans.org/ns/projectui-open-files/2">
        <group>
            <file>file:/C:/Users/leanne/Documents/NetBeansProjects/LIBRARY-BOOK-BORROWING-SYSTEM/src/LIBRARY/Main.java</file>
            <file>file:/C:/Users/leanne/Documents/NetBeansProjects/LIBRARY-BOOK-BORROWING-SYSTEM/src/LIBRARY/LoginForm.java</file>
            <file>file:/C:/Users/leanne/Documents/NetBeansProjects/LIBRARY-BOOK-BORROWING-SYSTEM/src/LIBRARY/BorrowBook.java</file>
            <file>file:/C:/Users/leanne/Documents/NetBeansProjects/LIBRARY-BOOK-BORROWING-SYSTEM/src/LIBRARY/ReturnBook.java</file>
            <file>file:/C:/Users/leanne/Documents/NetBeansProjects/LIBRARY-BOOK-BORROWING-SYSTEM/src/LIBRARY/AddBook.java</file>
            <file>file:/C:/Users/leanne/Documents/NetBeansProjects/LIBRARY-BOOK-BORROWING-SYSTEM/src/LIBRARY/dataBase.java</file>
        </group>
    </open-files>
</project-private>
